1,Bamboo Garden 01,0.00,1,2014-12-08 09:25:08,2014-12-08 09:25:08,dreamstime_xxl_17293927.jpg
2,Bamboo Garden 02,0.00,1,2014-12-08 09:25:12,2014-12-08 09:25:12,dreamstime_xxl_17859649.jpg
3,Bamboo Garden 03,0.00,1,2014-12-08 09:25:15,2014-12-08 09:25:15,dreamstime_xxl_18971232.jpg
4,Bamboo Garden 04,0.00,1,2015-01-11 17:00:24,2015-01-11 17:00:24,dreamstime_xxl_19655765.jpg
5,Bamboo Garden 05,0.00,1,2015-01-11 17:00:24,2015-01-11 17:00:24,dreamstime_xxl_3277782.jpg
6,Bamboo Garden 06,0.00,1,2015-01-11 17:00:24,2015-01-11 17:00:24,dreamstime_xxl_8121631.jpg
7,Bamboo Garden 07,0.00,1,2015-01-11 17:00:24,2015-01-11 17:00:24,dreamstime_xxl_8121747.jpg
8,Flora Daydream 01,0.00,1,2015-01-11 17:00:24,2015-01-11 17:00:24,dreamstime_8731694.jpg
9,Flora Daydream 02,0.00,1,2015-01-11 17:00:24,2015-01-11 17:00:24,dreamstime_9639035.jpg
10,Flora Daydream 03,0.00,1,2015-01-11 17:00:24,2015-01-11 17:00:24,dreamstime_xxl_12164998.jpg
11,Flora Daydream 04,0.00,1,2015-01-11 17:00:24,2015-01-11 17:00:24,dreamstime_xxl_24846163.jpg
12,Flora Daydream 05,0.00,1,2015-01-11 17:00:24,2015-01-11 17:00:24,dreamstime_xxl_27000239.jpg
13,Olive Garden 01,0.00,1,2015-01-11 17:00:24,2015-01-11 17:00:24,dreamstime_xxl_14801246.jpg
14,Olive Garden 02,0.00,1,2015-01-11 17:00:24,2015-01-11 17:00:24,dreamstime_xxl_19698866.jpg
15,Olive Garden 03,0.00,1,2015-01-11 17:00:24,2015-01-11 17:00:24,dreamstime_xxl_21064977.jpg
16,Olive Garden 04,0.00,1,2015-01-11 17:00:24,2015-01-11 17:00:24,dreamstime_xxl_24770339.jpg
17,Olive Garden 05,0.00,1,2015-01-11 17:00:24,2015-01-11 17:00:24,template.jpg
18,Pink Bliss 01,0.00,1,2015-01-11 17:00:24,2015-01-11 17:00:24,dreamstime_xxl_13885678.jpg
19,Pink Bliss 02,0.00,1,2015-01-11 17:00:24,2015-01-11 17:00:24,dreamstime_xxl_19661739.jpg
20,Pink Bliss 03,0.00,1,2015-01-11 17:00:24,2015-01-11 17:00:24,dreamstime_xxl_20913097.jpg
21,Pink Bliss 04,0.00,1,2015-01-11 17:00:24,2015-01-11 17:00:24,dreamstime_xxl_21708969.jpg
22,Pink Bliss 05,0.00,1,2015-01-11 17:00:24,2015-01-11 17:00:24,dreamstime_xxl_23850905.jpg
23,Pink Bliss 06,0.00,1,2015-01-11 17:00:24,2015-01-11 17:00:24,dreamstime_xxl_23850906.jpg
24,Pink Bliss 07,0.00,1,2015-01-11 17:00:24,2015-01-11 17:00:24,dreamstime_xxl_23850946.jpg
25,Pink Bliss 08,0.00,1,2015-01-11 17:00:24,2015-01-11 17:00:24,dreamstime_xxl_26869102.jpg
26,Pure and Enlightening 01,0.00,1,2015-01-11 17:00:24,2015-01-11 17:00:24,dreamstime_26531116.jpg
27,Pure and Enlightening 02,0.00,1,2015-01-11 17:00:24,2015-01-11 17:00:24,dreamstime_26531147-1.jpg
28,Pure and Enlightening 03,0.00,1,2015-01-11 17:00:24,2015-01-11 17:00:24,dreamstime_26561776-1.jpg
29,Pure and Enlightening 04,0.00,1,2015-01-11 17:00:24,2015-01-11 17:00:24,dreamstime_26562162.jpg
30,Pure and Enlightening 05,0.00,1,2015-01-11 17:00:24,2015-01-11 17:00:24,dreamstime_xxl_24050528.jpg
31,Pure and Enlightening 06,0.00,1,2015-01-11 17:00:24,2015-01-11 17:00:24,dreamstime_xxl_9771866.jpg
32,Refreshing Aqua 01,0.00,1,2015-01-11 17:00:24,2015-01-11 17:00:24,dreamstime_xxl_16464921.jpg
33,Refreshing Aqua 02,0.00,1,2015-01-11 17:00:24,2015-01-11 17:00:24,dreamstime_xxl_16974895.jpg
34,Refreshing Aqua 03,0.00,1,2015-01-11 17:00:24,2015-01-11 17:00:24,dreamstime_xxl_200370552.jpg
35,Refreshing Aqua 04,0.00,1,2015-01-11 17:00:24,2015-01-11 17:00:24,template2.jpg
36,Rosey Rosey 01,0.00,1,2015-01-11 17:00:24,2015-01-11 17:00:24,dreamstime_xxl_22122704.jpg
37,Rosey Rosey 02,0.00,1,2015-01-11 17:00:24,2015-01-11 17:00:24,dreamstime_xxl_22313061.jpg
38,Rosey Rosey 03,0.00,1,2015-01-11 17:00:24,2015-01-11 17:00:24,dreamstime_xxl_24246702.jpg
39,Rosey Rosey 04,0.00,1,2015-01-11 17:00:24,2015-01-11 17:00:24,template3.jpg
40,Southern Magnolia 01,0.00,1,2015-01-15 05:41:17,2015-01-15 05:41:17,dreamstime_16386999-copy-4.jpg
41,Southern Magnolia 02,0.00,1,2015-01-11 17:00:24,2015-01-11 17:00:24,dreamstime_169642.jpg
42,Southern Magnolia 03,0.00,1,2015-01-11 17:00:24,2015-01-11 17:00:24,dreamstime_17934757.jpg
43,Southern Magnolia 04,0.00,1,2015-01-11 17:00:24,2015-01-11 17:00:24,dreamstime_9974686.jpg
44,Southern Magnolia 05,0.00,1,2015-01-11 17:00:24,2015-01-11 17:00:24,dreamstime_l_24125852.jpg
45,Southern Magnolia 06,0.00,1,2015-01-11 17:00:24,2015-01-11 17:00:24,dreamstime_xxl_11563549.jpg
46,Southern Magnolia 07,0.00,1,2015-01-11 17:00:24,2015-01-11 17:00:24,dreamstime_xxl_14017621.jpg
47,Southern Magnolia 08,0.00,0,2015-01-15 05:37:37,2015-01-15 05:37:37,dreamstime_xxl_193574161_-copy.jpg
48,Southern Magnolia 09,0.00,1,2015-01-11 17:00:24,2015-01-11 17:00:24,dreamstime_xxl_23282680.jpg
49,Southern Magnolia 10,0.00,1,2015-01-11 17:00:24,2015-01-11 17:00:24,dreamstime_xxl_25066402bw.jpg
50,White Cherry Blossom 01,0.00,0,2015-01-28 09:31:25,2015-01-28 09:31:25,dreamstime_14061312.jpg
51,White Cherry Blossom 02,0.00,1,2015-01-11 17:00:24,2015-01-11 17:00:24,dreamstime_14823340.jpg
52,White Cherry Blossom 03,0.00,0,2015-01-15 05:38:54,2015-01-15 05:38:54,dreamstime_14986847.jpg
53,White Cherry Blossom 04,0.00,1,2015-01-11 17:00:24,2015-01-11 17:00:24,dreamstime_4929171.jpg
54,White Cherry Blossom 05,0.00,0,2015-01-15 05:36:59,2015-01-15 05:36:59,dreamstime_8428088.jpg
55,White Cherry Blossom 06,0.00,1,2015-01-11 17:00:24,2015-01-11 17:00:24,template.jpg
